"AA1_algn","AA1","AA2_algn","AA2","D1","D2","Correlation"
15,15,201,199,0.8753,3.7202,0.8174
16,16,9,9,3.5225,2.5859,0.8907
16,16,10,10,3.5225,2.2883,0.9494
16,16,11,11,3.5225,2.9164,0.9604
16,16,12,12,3.5225,5.6136,0.8683
16,16,17,17,3.5225,2.7732,0.9226
16,16,18,18,3.5225,2.5852,0.9072
16,16,24,24,3.5225,4.5191,0.8922
16,16,26,26,3.5225,6.9192,0.9166
16,16,31,31,3.5225,2.0569,0.9543
16,16,33,33,3.5225,2.1488,0.9604
16,16,67,65,3.5225,8.0039,0.8991
16,16,74,72,3.5225,3.0983,0.9711
16,16,111,109,3.5225,5.9917,0.969
16,16,130,128,3.5225,6.8173,0.9041
16,16,134,132,3.5225,5.1251,0.9514
16,16,138,136,3.5225,2.9164,0.9604
16,16,152,150,3.5225,1.1178,0.9369
16,16,192,190,3.5225,5.9929,0.9416
16,16,195,193,3.5225,11.2821,0.9208
16,16,213,200,3.5225,2.9164,0.9638
16,16,217,204,3.5225,1.1756,0.951
16,16,263,250,3.5225,0.6439,0.8591
16,16,305,287,3.5225,9.0645,0.8187
16,16,359,339,3.5225,10.8035,0.888
18,18,116,114,2.7732,4.5191,0.8607
18,18,125,123,2.7732,6.0572,0.9047
18,18,126,124,2.7732,7.0948,0.8259
23,23,9,9,3.0039,2.5859,0.8252
23,23,10,10,3.0039,2.2883,0.9675
23,23,11,11,3.0039,2.9164,0.9707
23,23,12,12,3.0039,5.6136,0.8295
23,23,17,17,3.0039,2.7732,0.9209
23,23,18,18,3.0039,2.5852,0.9174
23,23,24,24,3.0039,4.5191,0.8874
23,23,26,26,3.0039,6.9192,0.9155
23,23,31,31,3.0039,2.0569,0.9637
23,23,33,33,3.0039,2.1488,0.9709
23,23,67,65,3.0039,8.0039,0.9031
23,23,74,72,3.0039,3.0983,0.9498
23,23,111,109,3.0039,5.9917,0.9724
23,23,130,128,3.0039,6.8173,0.9384
23,23,134,132,3.0039,5.1251,0.9616
23,23,138,136,3.0039,2.9164,0.9705
23,23,152,150,3.0039,1.1178,0.9516
23,23,192,190,3.0039,5.9929,0.9414
23,23,195,193,3.0039,11.2821,0.9115
23,23,213,200,3.0039,2.9164,0.9705
23,23,217,204,3.0039,1.1756,0.9698
23,23,263,250,3.0039,0.6439,0.8579
23,23,305,287,3.0039,9.0645,0.8361
23,23,359,339,3.0039,10.8035,0.8978
25,25,116,114,8.9715,4.5191,0.8477
25,25,125,123,8.9715,6.0572,0.805
26,26,10,10,4.3262,2.2883,0.8253
26,26,11,11,4.3262,2.9164,0.8323
26,26,14,14,4.3262,3.4711,0.8622
26,26,31,31,4.3262,2.0569,0.8271
26,26,33,33,4.3262,2.1488,0.8273
26,26,111,109,4.3262,5.9917,0.8057
26,26,134,132,4.3262,5.1251,0.8118
26,26,138,136,4.3262,2.9164,0.8323
26,26,152,150,4.3262,1.1178,0.8196
26,26,192,190,4.3262,5.9929,0.8014
26,26,213,200,4.3262,2.9164,0.8246
26,26,217,204,4.3262,1.1756,0.826
26,26,220,207,4.3262,7.3565,0.8326
27,27,221,208,25.1212,12.0523,0.9231
27,27,384,362,25.1212,9.652,0.8787
28,28,221,208,21.3326,12.0523,0.8867
30,30,245,232,16.3905,19.7945,0.8016
42,42,116,114,2.7009,4.5191,0.8306
42,42,125,123,2.7009,6.0572,0.8018
42,42,126,124,2.7009,7.0948,0.8032
49,49,143,141,5.2893,17.5914,0.8233
49,49,221,208,5.2893,12.0523,0.8504
49,49,384,362,5.2893,9.652,0.8675
53,53,8,8,7.0762,6.1444,0.8039
53,53,126,124,7.0762,7.0948,0.8009
56,56,200,198,14.4867,8.2518,0.8847
56,56,288,270,14.4867,5.0459,0.8595
65,65,14,14,13.643,3.4711,0.9577
65,65,220,207,13.643,7.3565,0.8523
84,84,10,10,6.6988,2.2883,0.8872
84,84,11,11,6.6988,2.9164,0.8864
84,84,17,17,6.6988,2.7732,0.8307
84,84,18,18,6.6988,2.5852,0.8336
84,84,26,26,6.6988,6.9192,0.8424
84,84,31,31,6.6988,2.0569,0.8891
84,84,33,33,6.6988,2.1488,0.8893
84,84,67,65,6.6988,8.0039,0.8157
84,84,74,72,6.6988,3.0983,0.8636
84,84,111,109,6.6988,5.9917,0.8901
84,84,130,128,6.6988,6.8173,0.8516
84,84,134,132,6.6988,5.1251,0.8783
84,84,138,136,6.6988,2.9164,0.8864
84,84,152,150,6.6988,1.1178,0.881
84,84,192,190,6.6988,5.9929,0.8544
84,84,195,193,6.6988,11.2821,0.8278
84,84,213,200,6.6988,2.9164,0.8864
84,84,217,204,6.6988,1.1756,0.8879
84,84,305,287,6.6988,9.0645,0.8046
84,84,359,339,6.6988,10.8035,0.8014
90,90,62,60,0.924,7.0149,0.8041
91,91,116,114,7.4839,4.5191,0.8584
91,91,125,123,7.4839,6.0572,0.8364
91,91,126,124,7.4839,7.0948,0.8034
94,93,116,114,5.3427,4.5191,0.8043
94,93,125,123,5.3427,6.0572,0.809
96,95,45,45,8.1175,4.6419,0.9198
99,97,10,10,4.6419,2.2883,0.8663
99,97,11,11,4.6419,2.9164,0.9113
99,97,17,17,4.6419,2.7732,0.973
99,97,24,24,4.6419,4.5191,0.8175
99,97,26,26,4.6419,6.9192,0.8518
99,97,31,31,4.6419,2.0569,0.9057
99,97,33,33,4.6419,2.1488,0.9068
99,97,67,65,4.6419,8.0039,0.8407
99,97,74,72,4.6419,3.0983,0.8412
99,97,111,109,4.6419,5.9917,0.8884
99,97,130,128,4.6419,6.8173,0.856
99,97,134,132,4.6419,5.1251,0.8996
99,97,138,136,4.6419,2.9164,0.9049
99,97,152,150,4.6419,1.1178,0.8961
99,97,192,190,4.6419,5.9929,0.8697
99,97,195,193,4.6419,11.2821,0.8449
99,97,213,200,4.6419,2.9164,0.9113
99,97,217,204,4.6419,1.1756,0.9041
99,97,305,287,4.6419,9.0645,0.8118
99,97,359,339,4.6419,10.8035,0.8262
101,99,335,315,1.4318,8.1781,0.8562
110,108,9,9,7.1433,2.5859,0.9069
110,108,26,26,7.1433,6.9192,0.8327
110,108,74,72,7.1433,3.0983,0.8342
111,109,9,9,8.2498,2.5859,0.8048
111,109,10,10,8.2498,2.2883,0.9319
111,109,11,11,8.2498,2.9164,0.9317
111,109,17,17,8.2498,2.7732,0.8878
111,109,18,18,8.2498,2.5852,0.8861
111,109,24,24,8.2498,4.5191,0.8565
111,109,26,26,8.2498,6.9192,0.853
111,109,31,31,8.2498,2.0569,0.9246
111,109,33,33,8.2498,2.1488,0.9317
111,109,67,65,8.2498,8.0039,0.8702
111,109,74,72,8.2498,3.0983,0.9305
111,109,111,109,8.2498,5.9917,0.9352
111,109,130,128,8.2498,6.8173,0.8812
111,109,134,132,8.2498,5.1251,0.924
111,109,138,136,8.2498,2.9164,0.9338
111,109,152,150,8.2498,1.1178,0.9064
111,109,192,190,8.2498,5.9929,0.9058
111,109,195,193,8.2498,11.2821,0.8841
111,109,213,200,8.2498,2.9164,0.9338
111,109,217,204,8.2498,1.1756,0.9214
111,109,263,250,8.2498,0.6439,0.8238
111,109,305,287,8.2498,9.0645,0.8052
111,109,359,339,8.2498,10.8035,0.8581
112,110,9,9,6.6816,2.5859,0.8738
112,110,10,10,6.6816,2.2883,0.9837
112,110,11,11,6.6816,2.9164,0.9847
112,110,12,12,6.6816,5.6136,0.8978
112,110,17,17,6.6816,2.7732,0.914
112,110,18,18,6.6816,2.5852,0.9516
112,110,24,24,6.6816,4.5191,0.9151
112,110,26,26,6.6816,6.9192,0.9109
112,110,31,31,6.6816,2.0569,0.9797
112,110,33,33,6.6816,2.1488,0.9857
112,110,67,65,6.6816,8.0039,0.927
112,110,74,72,6.6816,3.0983,0.9683
112,110,111,109,6.6816,5.9917,0.9972
112,110,130,128,6.6816,6.8173,0.9347
112,110,134,132,6.6816,5.1251,0.9791
112,110,138,136,6.6816,2.9164,0.9875
112,110,152,150,6.6816,1.1178,0.9625
112,110,192,190,6.6816,5.9929,0.9627
112,110,195,193,6.6816,11.2821,0.942
112,110,213,200,6.6816,2.9164,0.9875
112,110,217,204,6.6816,1.1756,0.9763
112,110,263,250,6.6816,0.6439,0.8726
112,110,305,287,6.6816,9.0645,0.8412
112,110,359,339,6.6816,10.8035,0.9151
113,111,10,10,5.0397,2.2883,0.8704
113,111,11,11,5.0397,2.9164,0.8611
113,111,17,17,5.0397,2.7732,0.8037
113,111,18,18,5.0397,2.5852,0.8147
113,111,31,31,5.0397,2.0569,0.8614
113,111,33,33,5.0397,2.1488,0.8661
113,111,74,72,5.0397,3.0983,0.9063
113,111,111,109,5.0397,5.9917,0.8697
113,111,134,132,5.0397,5.1251,0.8503
113,111,138,136,5.0397,2.9164,0.8632
113,111,152,150,5.0397,1.1178,0.8476
113,111,192,190,5.0397,5.9929,0.8349
113,111,195,193,5.0397,11.2821,0.8207
113,111,213,200,5.0397,2.9164,0.8632
113,111,217,204,5.0397,1.1756,0.8596
114,112,200,198,3.0983,8.2518,0.8613
114,112,288,270,3.0983,5.0459,0.9251
114,112,200,198,3.0983,0.8448,0.8613
114,112,288,270,3.0983,NA,0.9251
117,114,10,10,14.6079,2.2883,0.8168
117,114,31,31,14.6079,2.0569,0.8126
117,114,33,33,14.6079,2.1488,0.8121
117,114,152,150,14.6079,1.1178,0.8068
117,114,217,204,14.6079,1.1756,0.8156
118,115,9,9,9.3489,2.5859,0.8728
118,115,12,12,9.3489,5.6136,0.8567
118,115,18,18,9.3489,2.5852,0.8277
118,115,74,72,9.3489,3.0983,0.8868
118,115,111,109,9.3489,5.9917,0.8131
130,127,14,14,10.8035,3.4711,0.8485
130,127,116,114,10.8035,4.5191,0.8306
130,127,125,123,10.8035,6.0572,0.8018
130,127,126,124,10.8035,7.0948,0.8186
138,135,295,277,21.7163,5.1781,0.8007
139,136,10,10,6.6354,2.2883,0.8497
139,136,11,11,6.6354,2.9164,0.8386
139,136,31,31,6.6354,2.0569,0.8401
139,136,33,33,6.6354,2.1488,0.8455
139,136,74,72,6.6354,3.0983,0.8024
139,136,111,109,6.6354,5.9917,0.8453
139,136,134,132,6.6354,5.1251,0.8228
139,136,138,136,6.6354,2.9164,0.8413
139,136,152,150,6.6354,1.1178,0.8248
139,136,192,190,6.6354,5.9929,0.8127
139,136,195,193,6.6354,11.2821,0.8103
139,136,213,200,6.6354,2.9164,0.8413
139,136,217,204,6.6354,1.1756,0.8386
140,137,30,30,3.1857,6.2195,0.8368
140,137,200,198,3.1857,8.2518,0.9492
140,137,288,270,3.1857,5.0459,0.9283
149,146,9,9,4.9247,2.5859,0.8506
149,146,10,10,4.9247,2.2883,0.9519
149,146,11,11,4.9247,2.9164,0.9643
149,146,12,12,4.9247,5.6136,0.8346
149,146,17,17,4.9247,2.7732,0.9238
149,146,18,18,4.9247,2.5852,0.9091
149,146,24,24,4.9247,4.5191,0.8931
149,146,26,26,4.9247,6.9192,0.9207
149,146,31,31,4.9247,2.0569,0.9567
149,146,33,33,4.9247,2.1488,0.9625
149,146,67,65,4.9247,8.0039,0.897
149,146,74,72,4.9247,3.0983,0.9701
149,146,111,109,4.9247,5.9917,0.9655
149,146,130,128,4.9247,6.8173,0.8945
149,146,134,132,4.9247,5.1251,0.9513
149,146,138,136,4.9247,2.9164,0.9643
149,146,152,150,4.9247,1.1178,0.94
149,146,192,190,4.9247,5.9929,0.9457
149,146,195,193,4.9247,11.2821,0.924
149,146,213,200,4.9247,2.9164,0.9657
149,146,217,204,4.9247,1.1756,0.9534
149,146,263,250,4.9247,0.6439,0.8675
149,146,305,287,4.9247,9.0645,0.823
149,146,359,339,4.9247,10.8035,0.886
154,151,113,111,4.7808,8.9394,0.8048
154,151,116,114,4.7808,4.5191,0.9106
154,151,125,123,4.7808,6.0572,0.8687
154,151,126,124,4.7808,7.0948,0.8726
155,152,45,45,5.1251,4.6419,0.8996
155,152,201,199,5.1251,3.7202,0.9362
156,153,184,182,9.4584,9.1279,0.8973
156,153,193,191,9.4584,1.4316,0.8268
161,158,30,30,1.1708,6.2195,0.8296
161,158,200,198,1.1708,8.2518,0.9414
161,158,288,270,1.1708,5.0459,0.908
165,162,221,208,19.6354,12.0523,0.8156
166,163,93,91,3.4711,6.4215,0.8133
169,166,10,10,12.686,2.2883,0.9365
169,166,11,11,12.686,2.9164,0.9456
169,166,17,17,12.686,2.7732,0.8908
169,166,18,18,12.686,2.5852,0.8863
169,166,24,24,12.686,4.5191,0.8575
169,166,26,26,12.686,6.9192,0.8219
169,166,31,31,12.686,2.0569,0.9397
169,166,33,33,12.686,2.1488,0.9424
169,166,67,65,12.686,8.0039,0.8674
169,166,74,72,12.686,3.0983,0.8809
169,166,111,109,12.686,5.9917,0.9318
169,166,130,128,12.686,6.8173,0.8403
169,166,134,132,12.686,5.1251,0.9292
169,166,138,136,12.686,2.9164,0.9456
169,166,152,150,12.686,1.1178,0.9276
169,166,192,190,12.686,5.9929,0.9166
169,166,195,193,12.686,11.2821,0.8909
169,166,213,200,12.686,2.9164,0.942
169,166,217,204,12.686,1.1756,0.9376
169,166,263,250,12.686,0.6439,0.8448
169,166,305,287,12.686,9.0645,0.8324
169,166,359,339,12.686,10.8035,0.8544
171,168,30,30,7.0799,6.2195,0.8532
171,168,200,198,7.0799,8.2518,0.9597
171,168,288,270,7.0799,5.0459,0.9634
173,170,14,14,6.0459,3.4711,0.8119
178,175,9,9,6.4897,2.5859,0.8151
178,175,10,10,6.4897,2.2883,0.9478
178,175,11,11,6.4897,2.9164,0.9487
178,175,12,12,6.4897,5.6136,0.8135
178,175,17,17,6.4897,2.7732,0.8983
178,175,18,18,6.4897,2.5852,0.8973
178,175,24,24,6.4897,4.5191,0.8648
178,175,26,26,6.4897,6.9192,0.8998
178,175,31,31,6.4897,2.0569,0.9421
178,175,33,33,6.4897,2.1488,0.9497
178,175,67,65,6.4897,8.0039,0.8989
178,175,74,72,6.4897,3.0983,0.9464
178,175,111,109,6.4897,5.9917,0.9516
178,175,130,128,6.4897,6.8173,0.8856
178,175,134,132,6.4897,5.1251,0.95
178,175,138,136,6.4897,2.9164,0.9486
178,175,152,150,6.4897,1.1178,0.9317
178,175,192,190,6.4897,5.9929,0.9062
178,175,195,193,6.4897,11.2821,0.8736
178,175,213,200,6.4897,2.9164,0.9486
178,175,217,204,6.4897,1.1756,0.9493
178,175,263,250,6.4897,0.6439,0.8675
178,175,305,287,6.4897,9.0645,0.8154
178,175,359,339,6.4897,10.8035,0.8671
182,179,20,20,10.9773,7.7796,0.8346
182,179,200,198,10.9773,8.2518,0.8479
182,179,288,270,10.9773,5.0459,0.8105
183,180,45,45,2.7934,4.6419,0.8645
183,180,201,199,2.7934,3.7202,0.8621
187,184,10,10,10.643,2.2883,0.8413
187,184,11,11,10.643,2.9164,0.8429
187,184,31,31,10.643,2.0569,0.8425
187,184,33,33,10.643,2.1488,0.8415
187,184,111,109,10.643,5.9917,0.8273
187,184,130,128,10.643,6.8173,0.8219
187,184,134,132,10.643,5.1251,0.8369
187,184,138,136,10.643,2.9164,0.8429
187,184,152,150,10.643,1.1178,0.8379
187,184,213,200,10.643,2.9164,0.8376
187,184,217,204,10.643,1.1756,0.8418
190,187,56,54,6.5528,7.798,0.8363
191,188,9,9,5.2388,2.5859,0.8994
191,188,10,10,5.2388,2.2883,0.8156
191,188,12,12,5.2388,5.6136,0.8324
191,188,18,18,5.2388,2.5852,0.8277
191,188,26,26,5.2388,6.9192,0.8022
191,188,33,33,5.2388,2.1488,0.803
191,188,74,72,5.2388,3.0983,0.9152
191,188,111,109,5.2388,5.9917,0.8344
191,188,134,132,5.2388,5.1251,0.8027
191,188,138,136,5.2388,2.9164,0.8059
191,188,213,200,5.2388,2.9164,0.8059
192,189,45,45,5.8448,4.6419,0.8848
192,189,201,199,5.8448,3.7202,0.9383
194,191,10,10,10.7264,2.2883,0.8108
194,191,18,18,10.7264,2.5852,0.842
196,193,108,106,5.3372,4.7119,0.8095
198,195,170,168,2.2718,8.8338,0.9534
198,195,170,168,2.2718,0.2417,0.9534
201,198,17,17,5.5418,2.7732,0.86
202,199,9,9,5.4848,2.5859,0.8105
202,199,10,10,5.4848,2.2883,0.9658
202,199,11,11,5.4848,2.9164,0.9558
202,199,12,12,5.4848,5.6136,0.8688
202,199,17,17,5.4848,2.7732,0.8486
202,199,18,18,5.4848,2.5852,0.9477
202,199,24,24,5.4848,4.5191,0.8873
202,199,26,26,5.4848,6.9192,0.8532
202,199,31,31,5.4848,2.0569,0.9503
202,199,33,33,5.4848,2.1488,0.9561
202,199,67,65,5.4848,8.0039,0.8946
202,199,74,72,5.4848,3.0983,0.9696
202,199,111,109,5.4848,5.9917,0.9651
202,199,130,128,5.4848,6.8173,0.8723
202,199,134,132,5.4848,5.1251,0.9471
202,199,138,136,5.4848,2.9164,0.9593
202,199,152,150,5.4848,1.1178,0.9337
202,199,192,190,5.4848,5.9929,0.9368
202,199,195,193,5.4848,11.2821,0.9159
202,199,213,200,5.4848,2.9164,0.9558
202,199,217,204,5.4848,1.1756,0.9471
202,199,263,250,5.4848,0.6439,0.8548
202,199,305,287,5.4848,9.0645,0.817
202,199,359,339,5.4848,10.8035,0.8834
203,200,221,208,6.7466,12.0523,0.887
203,200,384,362,6.7466,9.652,0.8099
205,202,17,17,13.7339,2.7732,0.8386
208,205,9,9,5.2479,2.5859,0.8211
208,205,10,10,5.2479,2.2883,0.9894
208,205,11,11,5.2479,2.9164,0.9995
208,205,12,12,5.2479,5.6136,0.853
208,205,17,17,5.2479,2.7732,0.9507
208,205,18,18,5.2479,2.5852,0.9406
208,205,24,24,5.2479,4.5191,0.9171
208,205,26,26,5.2479,6.9192,0.9089
208,205,31,31,5.2479,2.0569,0.9935
208,205,33,33,5.2479,2.1488,0.998
208,205,67,65,5.2479,8.0039,0.9318
208,205,74,72,5.2479,3.0983,0.9552
208,205,111,109,5.2479,5.9917,0.9972
208,205,130,128,5.2479,6.8173,0.9405
208,205,134,132,5.2479,5.1251,0.9897
208,205,138,136,5.2479,2.9164,0.9995
208,205,152,150,5.2479,1.1178,0.9782
208,205,192,190,5.2479,5.9929,0.9701
208,205,195,193,5.2479,11.2821,0.9465
208,205,213,200,5.2479,2.9164,0.9995
208,205,217,204,5.2479,1.1756,0.9908
208,205,263,250,5.2479,0.6439,0.8824
208,205,305,287,5.2479,9.0645,0.8663
208,205,359,339,5.2479,10.8035,0.9186
211,208,113,111,2.9164,8.9394,0.8208
211,208,116,114,2.9164,4.5191,0.9233
211,208,125,123,2.9164,6.0572,0.8925
211,208,126,124,2.9164,7.0948,0.8581
213,210,242,229,3.7367,2.3324,0.9098
213,210,251,238,3.7367,2.1488,0.9067
213,210,252,239,3.7367,3.8937,0.8984
213,210,270,257,3.7367,3.9587,0.8883
213,210,272,259,3.7367,5.8448,0.871
213,210,273,260,3.7367,5.4309,0.845
213,210,282,264,3.7367,7.2314,0.8831
213,210,285,267,3.7367,2.7732,0.8838
213,210,326,306,3.7367,2.595,0.8786
213,210,327,307,3.7367,2.1892,0.9187
213,210,329,309,3.7367,6.2498,0.8757
213,210,338,318,3.7367,3.8717,0.9126
213,210,341,321,3.7367,1.8641,0.8942
213,210,348,328,3.7367,2.2883,0.8933
213,210,360,340,3.7367,6.6127,0.9189
213,210,361,341,3.7367,5.8448,0.9064
213,210,405,378,3.7367,7.5989,0.8579
216,213,113,111,14.3627,8.9394,0.9091
216,213,116,114,14.3627,4.5191,0.8774
216,213,188,186,14.3627,13.5227,0.8411
217,214,221,208,12.8331,12.0523,0.9349
217,214,384,362,12.8331,9.652,0.8805
221,218,242,229,4.6419,2.3324,0.9113
221,218,251,238,4.6419,2.1488,0.9068
221,218,252,239,4.6419,3.8937,0.9054
221,218,270,257,4.6419,3.9587,0.8901
221,218,272,259,4.6419,5.8448,0.8848
221,218,273,260,4.6419,5.4309,0.8688
221,218,282,264,4.6419,7.2314,0.9296
221,218,285,267,4.6419,2.7732,0.851
221,218,324,304,4.6419,4.5914,0.8141
221,218,326,306,4.6419,2.595,0.8665
221,218,333,313,4.6419,4.4839,0.826
221,218,338,318,4.6419,3.8717,0.8981
221,218,341,321,4.6419,1.8641,0.8858
221,218,348,328,4.6419,2.2883,0.9033
221,218,360,340,4.6419,6.6127,0.9069
221,218,361,341,4.6419,5.8448,0.8848
221,218,405,378,4.6419,7.5989,0.8826
236,233,116,114,2.6292,4.5191,0.8208
236,233,125,123,2.6292,6.0572,0.8507
238,235,116,114,3.7202,4.5191,0.8785
238,235,125,123,3.7202,6.0572,0.8629
238,235,126,124,3.7202,7.0948,0.8234
239,236,9,9,6.407,2.5859,0.8595
239,236,10,10,6.407,2.2883,0.9679
239,236,11,11,6.407,2.9164,0.9689
239,236,12,12,6.407,5.6136,0.8831
239,236,17,17,6.407,2.7732,0.8995
239,236,18,18,6.407,2.5852,0.9362
239,236,24,24,6.407,4.5191,0.9003
239,236,26,26,6.407,6.9192,0.8963
239,236,31,31,6.407,2.0569,0.9639
239,236,33,33,6.407,2.1488,0.9699
239,236,67,65,6.407,8.0039,0.9056
239,236,74,72,6.407,3.0983,0.9479
239,236,111,109,6.407,5.9917,0.9811
239,236,130,128,6.407,6.8173,0.9102
239,236,134,132,6.407,5.1251,0.9596
239,236,138,136,6.407,2.9164,0.9717
239,236,152,150,6.407,1.1178,0.947
239,236,192,190,6.407,5.9929,0.9519
239,236,195,193,6.407,11.2821,0.9305
239,236,213,200,6.407,2.9164,0.9717
239,236,217,204,6.407,1.1756,0.9607
239,236,263,250,6.407,0.6439,0.8712
239,236,305,287,6.407,9.0645,0.8286
239,236,359,339,6.407,10.8035,0.8945
240,237,116,114,3.7741,4.5191,0.8937
240,237,125,123,3.7741,6.0572,0.8566
240,237,126,124,3.7741,7.0948,0.8665
242,239,242,229,13.3574,2.3324,0.9871
242,239,251,238,13.3574,2.1488,0.9853
242,239,252,239,13.3574,3.8937,0.9785
242,239,266,253,13.3574,13.2665,0.8593
242,239,270,257,13.3574,3.9587,0.9691
242,239,272,259,13.3574,5.8448,0.976
242,239,273,260,13.3574,5.4309,0.9308
242,239,282,264,13.3574,7.2314,0.9563
242,239,285,267,13.3574,2.7732,0.9469
242,239,326,306,13.3574,2.595,0.9359
242,239,327,307,13.3574,2.1892,0.8753
242,239,329,309,13.3574,6.2498,0.8857
242,239,333,313,13.3574,4.4839,0.8267
242,239,338,318,13.3574,3.8717,0.9857
242,239,341,321,13.3574,1.8641,0.974
242,239,348,328,13.3574,2.2883,0.9844
242,239,360,340,13.3574,6.6127,0.9854
242,239,361,341,13.3574,5.8448,0.976
242,239,405,378,13.3574,7.5989,0.9461
244,241,45,45,1.4089,4.6419,0.8187
244,241,201,199,1.4089,3.7202,0.8955
254,248,224,211,2.8173,8.6529,0.8099
256,250,118,116,11.7126,5.4006,0.9794
261,255,113,111,2.3324,8.9394,0.8125
261,255,116,114,2.3324,4.5191,0.9171
261,255,125,123,2.3324,6.0572,0.8902
261,255,126,124,2.3324,7.0948,0.8585
261,255,156,154,2.3324,8.936,0.8046
263,257,9,9,5.9433,2.5859,0.8163
263,257,10,10,5.9433,2.2883,0.9933
263,257,11,11,5.9433,2.9164,0.9911
263,257,12,12,5.9433,5.6136,0.8599
263,257,17,17,5.9433,2.7732,0.9201
263,257,18,18,5.9433,2.5852,0.9276
263,257,24,24,5.9433,4.5191,0.88
263,257,26,26,5.9433,6.9192,0.892
263,257,31,31,5.9433,2.0569,0.9906
263,257,33,33,5.9433,2.1488,0.9954
263,257,67,65,5.9433,8.0039,0.9045
263,257,74,72,5.9433,3.0983,0.9545
263,257,111,109,5.9433,5.9917,0.9928
263,257,130,128,5.9433,6.8173,0.9286
263,257,134,132,5.9433,5.1251,0.9827
263,257,138,136,5.9433,2.9164,0.9927
263,257,152,150,5.9433,1.1178,0.9753
263,257,192,190,5.9433,5.9929,0.9504
263,257,195,193,5.9433,11.2821,0.9449
263,257,213,200,5.9433,2.9164,0.9911
263,257,217,204,5.9433,1.1756,0.9887
263,257,263,250,5.9433,0.6439,0.8759
263,257,305,287,5.9433,9.0645,0.8669
263,257,359,339,5.9433,10.8035,0.9179
268,261,221,208,2.8524,12.0523,0.9673
268,261,384,362,2.8524,9.652,0.9167
