"AA1_algn","AA1","AA2_algn","AA2","Mean_D1","Mean_D2","Correlation"
18,18,36,0,4.1067,0.5699,0.9104
18,18,36,0,4.1067,4.561,0.9104
23,23,97,58,3.36,9.8351,0.8352
23,23,100,61,3.36,11.7017,0.8662
23,23,390,290,3.36,2.5402,0.8621
25,25,242,176,10.9462,7.7847,0.8736
25,25,433,332,10.9462,10.6469,0.858
27,27,71,32,17.3551,10.0178,0.8045
27,27,106,67,17.3551,1.0933,0.8161
27,27,107,68,17.3551,1.5733,0.8221
27,27,108,69,17.3551,1.1733,0.8035
27,27,110,71,17.3551,4.3733,0.8161
27,27,111,72,17.3551,1.5733,0.8221
27,27,113,74,17.3551,0.9956,0.8224
27,27,118,79,17.3551,1.5556,0.8224
27,27,121,82,17.3551,1.1733,0.8035
27,27,124,85,17.3551,0.9956,0.8224
27,27,259,193,17.3551,10.8178,0.8482
27,27,266,200,17.3551,8.0869,0.8006
27,27,268,202,17.3551,4.0721,0.8587
27,27,296,230,17.3551,9.5556,0.8382
27,27,305,239,17.3551,3.5289,0.8135
27,27,384,284,17.3551,16.2489,0.8088
27,27,410,309,17.3551,7.2721,0.84
27,27,419,318,17.3551,7.04,0.8159
27,27,431,330,17.3551,6.5847,0.8518
27,27,451,350,17.3551,5.4291,0.8222
27,27,455,354,17.3551,1.6622,0.8188
28,28,71,32,14.0869,10.0178,0.8449
28,28,106,67,14.0869,1.0933,0.892
28,28,107,68,14.0869,1.5733,0.9061
28,28,108,69,14.0869,1.1733,0.8705
28,28,110,71,14.0869,4.3733,0.892
28,28,111,72,14.0869,1.5733,0.9061
28,28,113,74,14.0869,0.9956,0.9072
28,28,118,79,14.0869,1.5556,0.9072
28,28,121,82,14.0869,1.1733,0.8705
28,28,124,85,14.0869,0.9956,0.9072
28,28,230,164,14.0869,8.8869,0.8999
28,28,259,193,14.0869,10.8178,0.8563
28,28,266,200,14.0869,8.0869,0.8875
28,28,296,230,14.0869,9.5556,0.9072
28,28,305,239,14.0869,3.5289,0.9205
28,28,332,244,14.0869,2.2054,0.8379
28,28,342,250,14.0869,7.7877,0.8452
28,28,360,268,14.0869,3.5289,0.8849
28,28,410,309,14.0869,7.2721,0.8504
28,28,414,313,14.0869,3.2622,0.8591
28,28,419,318,14.0869,7.04,0.8774
28,28,431,330,14.0869,6.5847,0.8233
28,28,448,347,14.0869,3.7254,0.8041
28,28,451,350,14.0869,5.4291,0.8462
28,28,455,354,14.0869,1.6622,0.9192
28,28,456,355,14.0869,1.8933,0.9301
30,30,247,181,20.5254,7.9802,0.8627
40,40,242,176,3.0222,7.7847,0.923
40,40,433,332,3.0222,10.6469,0.9463
40,40,242,176,3.0222,5.3314,0.923
40,40,433,332,3.0222,NA,0.9463
66,66,220,154,5.1388,4.0622,0.8699
66,66,262,196,5.1388,3.2869,0.8005
66,66,285,219,5.1388,3.0222,0.8795
66,66,423,322,5.1388,3.5921,0.8574
72,72,165,119,1.0173,0.0869,0.8133
72,72,166,119,1.0173,0.0869,0.8133
72,72,187,121,1.0173,5.2128,0.9055
72,72,312,239,1.0173,0.0217,0.8133
72,72,326,239,1.0173,0.0217,0.8133
79,79,220,154,2.5758,4.0622,0.9347
79,79,262,196,2.5758,3.2869,0.8595
79,79,285,219,2.5758,3.0222,0.9823
79,79,391,291,2.5758,1.4321,0.8112
79,79,423,322,2.5758,3.5921,0.944
82,82,165,119,5.9289,0.0869,0.8452
82,82,166,119,5.9289,0.0869,0.8452
82,82,187,121,5.9289,5.2128,0.8181
82,82,312,239,5.9289,0.0217,0.8452
82,82,326,239,5.9289,0.0217,0.8452
84,84,220,154,11.8736,4.0622,0.849
84,84,285,219,11.8736,3.0222,0.9464
84,84,423,322,11.8736,3.5921,0.9296
86,86,97,58,8.1877,9.8351,0.858
86,86,100,61,8.1877,11.7017,0.9317
86,86,390,290,8.1877,2.5402,0.9126
88,88,80,41,3.0647,13.4351,0.8078
95,94,242,176,5.0844,7.7847,0.8709
95,94,433,332,5.0844,10.6469,0.8995
95,94,242,176,5.0844,5.3314,0.8709
95,94,433,332,5.0844,NA,0.8995
99,97,100,61,5.0844,11.7017,0.8668
99,97,390,290,5.0844,2.5402,0.8414
102,100,408,307,5.4884,3.0321,0.8429
112,110,97,58,7.1556,9.8351,0.8295
112,110,100,61,7.1556,11.7017,0.9016
112,110,390,290,7.1556,2.5402,0.8827
116,113,220,154,5.1477,4.0622,0.8352
123,120,220,154,7.1289,4.0622,0.8474
123,120,285,219,7.1289,3.0222,0.9497
123,120,423,322,7.1289,3.5921,0.8721
136,131,37,1,6.9728,4.4444,0.8126
136,131,125,86,6.9728,4.7477,0.9003
136,131,131,92,6.9728,16.2844,0.8032
136,131,156,117,6.9728,3.9556,0.8087
136,131,225,159,6.9728,12.3032,0.8265
136,131,344,252,6.9728,6.8277,0.8455
136,131,379,279,6.9728,8.3625,0.8236
136,131,385,285,6.9728,14.2667,0.8662
136,131,387,287,6.9728,12.7536,0.8081
136,131,388,288,6.9728,10.1995,0.8095
136,131,403,303,6.9728,12.6351,0.8092
139,134,223,157,4.244,2.8662,0.8073
142,137,80,41,3.5625,13.4351,0.8555
143,138,352,260,3.8291,5.7314,0.8743
143,138,368,276,3.8291,5.7511,0.8248
147,142,57,18,4.5254,8.6489,0.8127
147,142,101,62,4.5254,1.1773,0.849
147,142,191,125,4.5254,1.4617,0.8263
147,142,346,254,4.5254,6.2044,0.8647
153,148,209,143,22.9778,12.2617,0.9224
156,151,242,176,5.3156,7.7847,0.9036
156,151,433,332,5.3156,10.6469,0.9388
156,151,242,176,5.3156,5.3314,0.9036
156,151,433,332,5.3156,NA,0.9388
157,152,146,107,5.6277,2.5778,0.8609
157,152,281,215,5.6277,1.5032,0.8592
157,152,146,107,5.6277,2.24,0.8609
157,152,281,215,5.6277,NA,0.8592
158,153,71,32,7.04,10.0178,0.8831
158,153,74,35,7.04,4.1106,0.8561
158,153,106,67,7.04,1.0933,0.9473
158,153,107,68,7.04,1.5733,0.9499
158,153,108,69,7.04,1.1733,0.937
158,153,109,70,7.04,2.2489,0.882
158,153,110,71,7.04,4.3733,0.9473
158,153,111,72,7.04,1.5733,0.9499
158,153,113,74,7.04,0.9956,0.9497
158,153,118,79,7.04,1.5556,0.9497
158,153,121,82,7.04,1.1733,0.937
158,153,124,85,7.04,0.9956,0.9497
158,153,230,164,7.04,8.8869,0.9322
158,153,259,193,7.04,10.8178,0.8894
158,153,266,200,7.04,8.0869,0.9402
158,153,296,230,7.04,9.5556,0.9494
158,153,305,239,7.04,3.5289,0.9465
158,153,332,244,7.04,2.2054,0.9071
158,153,342,250,7.04,7.7877,0.8384
158,153,360,268,7.04,3.5289,0.9384
158,153,394,294,7.04,11.2069,0.8034
158,153,410,309,7.04,7.2721,0.8527
158,153,414,313,7.04,3.2622,0.8712
158,153,415,314,7.04,4.1778,0.8706
158,153,419,318,7.04,7.04,0.8958
158,153,431,330,7.04,6.5847,0.8875
158,153,445,344,7.04,3.9625,0.8022
158,153,448,347,7.04,3.7254,0.8754
158,153,451,350,7.04,5.4291,0.8745
158,153,455,354,7.04,1.6622,0.9439
158,153,456,355,7.04,1.8933,0.9185
163,158,80,41,1.2958,13.4351,0.8754
169,164,97,58,8.6736,9.8351,0.8037
169,164,100,61,8.6736,11.7017,0.8557
169,164,390,290,8.6736,2.5402,0.8733
173,168,80,41,7.9091,13.4351,0.8833
179,174,285,219,10.6489,3.0222,0.8946
179,174,423,322,10.6489,3.5921,0.8206
180,175,97,58,6.5995,9.8351,0.8279
180,175,100,61,6.5995,11.7017,0.8808
180,175,390,290,6.5995,2.5402,0.8322
183,178,299,233,9.8321,21.6247,0.954
184,179,209,143,8.64,12.2617,0.8687
185,180,146,107,2.9254,2.5778,0.8644
185,180,281,215,2.9254,1.5032,0.8631
191,186,37,1,3.3254,4.4444,0.9359
191,186,56,17,3.3254,10.5333,0.8298
191,186,109,70,3.3254,2.2489,0.8205
191,186,130,91,3.3254,9.4736,0.8506
191,186,131,92,3.3254,16.2844,0.878
191,186,156,117,3.3254,3.9556,0.8127
191,186,193,127,3.3254,4.2795,0.8495
191,186,212,146,3.3254,13.0054,0.826
191,186,225,159,3.3254,12.3032,0.8854
191,186,251,185,3.3254,8.3832,0.8748
191,186,284,218,3.3254,7.7462,0.8349
191,186,343,251,3.3254,25.358,0.8632
191,186,358,266,3.3254,6.1728,0.8984
191,186,379,279,3.3254,8.3625,0.8666
191,186,385,285,3.3254,14.2667,0.8637
191,186,387,287,3.3254,12.7536,0.8765
191,186,388,288,3.3254,10.1995,0.9114
191,186,403,303,3.3254,12.6351,0.8868
191,186,432,331,3.3254,10.9877,0.8539
191,186,436,335,3.3254,4.7773,0.8802
191,186,441,340,3.3254,5.681,0.8208
191,186,444,343,3.3254,13.5388,0.8483
192,187,388,288,5.1832,10.1995,0.8417
192,187,406,306,5.1832,3.3017,0.8143
192,187,441,340,5.1832,5.681,0.8012
199,194,220,154,2.9956,4.0622,0.8349
199,194,262,196,2.9956,3.2869,0.8591
199,194,285,219,2.9956,3.0222,0.8683
199,194,423,322,2.9956,3.5921,0.9775
201,196,343,251,7.6889,25.358,0.8009
201,196,350,258,7.6889,6.6795,0.8196
201,196,382,282,7.6889,5.2958,0.8368
201,196,432,331,7.6889,10.9877,0.8348
205,200,368,276,4.1847,5.7511,0.8519
213,208,433,332,2.9956,10.6469,0.8377
219,214,71,32,6.6588,10.0178,0.8115
219,214,106,67,6.6588,1.0933,0.8758
219,214,107,68,6.6588,1.5733,0.877
219,214,108,69,6.6588,1.1733,0.8675
219,214,109,70,6.6588,2.2489,0.8194
219,214,110,71,6.6588,4.3733,0.8758
219,214,111,72,6.6588,1.5733,0.877
219,214,113,74,6.6588,0.9956,0.8768
219,214,118,79,6.6588,1.5556,0.8768
219,214,121,82,6.6588,1.1733,0.8675
219,214,124,85,6.6588,0.9956,0.8768
219,214,230,164,6.6588,8.8869,0.8652
219,214,259,193,6.6588,10.8178,0.8313
219,214,266,200,6.6588,8.0869,0.8672
219,214,296,230,6.6588,9.5556,0.8681
219,214,305,239,6.6588,3.5289,0.8971
219,214,332,244,6.6588,2.2054,0.8468
219,214,360,268,6.6588,3.5289,0.8664
219,214,419,318,6.6588,7.04,0.8331
219,214,431,330,6.6588,6.5847,0.808
219,214,448,347,6.6588,3.7254,0.8937
219,214,451,350,6.6588,5.4291,0.8081
219,214,455,354,6.6588,1.6622,0.8692
219,214,456,355,6.6588,1.8933,0.8413
221,216,242,176,6.5956,7.7847,0.9048
221,216,433,332,6.5956,10.6469,0.944
221,216,242,176,6.5956,5.3314,0.9048
221,216,433,332,6.5956,NA,0.944
223,218,242,176,3.0222,7.7847,0.923
223,218,433,332,3.0222,10.6469,0.9463
223,218,242,176,3.0222,5.3314,0.923
223,218,433,332,3.0222,NA,0.9463
224,219,396,296,4.1067,7.7106,0.8476
233,228,242,176,5.0844,7.7847,0.8709
233,228,433,332,5.0844,10.6469,0.8995
238,233,220,154,7.0044,4.0622,0.8007
238,233,285,219,7.0044,3.0222,0.8539
238,233,423,322,7.0044,3.5921,0.8274
243,238,220,154,2.9956,4.0622,0.9932
243,238,262,196,2.9956,3.2869,0.9335
243,238,285,219,2.9956,3.0222,0.8683
243,238,423,322,2.9956,3.5921,0.8592
249,244,270,204,4.4444,6.2795,0.9157
250,244,19,0,0.0869,0.3289,0.8254
250,244,165,119,0.0869,0.0869,1
250,244,166,119,0.0869,0.0869,1
250,244,187,121,0.0869,5.2128,0.9274
250,244,312,239,0.0869,0.0217,1
250,244,326,239,0.0869,0.0217,1
251,244,19,0,0.0217,0.3289,0.8254
251,244,165,119,0.0217,0.0869,1
251,244,166,119,0.0217,0.0869,1
251,244,187,121,0.0217,5.2128,0.9274
251,244,312,239,0.0217,0.0217,1
251,244,326,239,0.0217,0.0217,1
252,244,19,0,0.0217,0.3289,0.8254
252,244,165,119,0.0217,0.0869,1
252,244,166,119,0.0217,0.0869,1
252,244,187,121,0.0217,5.2128,0.9274
252,244,312,239,0.0217,0.0217,1
252,244,326,239,0.0217,0.0217,1
269,255,433,332,2.6795,10.6469,0.8268
271,257,97,58,6.1156,9.8351,0.8993
271,257,100,61,6.1156,11.7017,0.844
276,261,445,344,1.5556,3.9625,0.9106
