"AA1","AA2","Correlation"
18,0,0.9104
18,0,0.9104
23,58,0.8352
23,61,0.8662
23,290,0.8621
25,176,0.8736
25,332,0.858
27,32,0.8045
27,67,0.8161
27,68,0.8221
27,69,0.8035
27,71,0.8161
27,72,0.8221
27,74,0.8224
27,79,0.8224
27,82,0.8035
27,85,0.8224
27,193,0.8482
27,200,0.8006
27,202,0.8587
27,230,0.8382
27,239,0.8135
27,284,0.8088
27,309,0.84
27,318,0.8159
27,330,0.8518
27,350,0.8222
27,354,0.8188
28,32,0.8449
28,67,0.892
28,68,0.9061
28,69,0.8705
28,71,0.892
28,72,0.9061
28,74,0.9072
28,79,0.9072
28,82,0.8705
28,85,0.9072
28,164,0.8999
28,193,0.8563
28,200,0.8875
28,230,0.9072
28,239,0.9205
28,244,0.8379
28,250,0.8452
28,268,0.8849
28,309,0.8504
28,313,0.8591
28,318,0.8774
28,330,0.8233
28,347,0.8041
28,350,0.8462
28,354,0.9192
28,355,0.9301
30,181,0.8627
40,176,0.923
40,332,0.9463
40,176,0.923
40,332,0.9463
66,154,0.8699
66,196,0.8005
66,219,0.8795
66,322,0.8574
72,119,0.8133
72,119,0.8133
72,121,0.9055
72,239,0.8133
72,239,0.8133
79,154,0.9347
79,196,0.8595
79,219,0.9823
79,291,0.8112
79,322,0.944
82,119,0.8452
82,119,0.8452
82,121,0.8181
82,239,0.8452
82,239,0.8452
84,154,0.849
84,219,0.9464
84,322,0.9296
86,58,0.858
86,61,0.9317
86,290,0.9126
88,41,0.8078
94,176,0.8709
94,332,0.8995
94,176,0.8709
94,332,0.8995
97,61,0.8668
97,290,0.8414
100,307,0.8429
110,58,0.8295
110,61,0.9016
110,290,0.8827
113,154,0.8352
120,154,0.8474
120,219,0.9497
120,322,0.8721
131,1,0.8126
131,86,0.9003
131,92,0.8032
131,117,0.8087
131,159,0.8265
131,252,0.8455
131,279,0.8236
131,285,0.8662
131,287,0.8081
131,288,0.8095
131,303,0.8092
134,157,0.8073
137,41,0.8555
138,260,0.8743
138,276,0.8248
142,18,0.8127
142,62,0.849
142,125,0.8263
142,254,0.8647
148,143,0.9224
151,176,0.9036
151,332,0.9388
151,176,0.9036
151,332,0.9388
152,107,0.8609
152,215,0.8592
152,107,0.8609
152,215,0.8592
153,32,0.8831
153,35,0.8561
153,67,0.9473
153,68,0.9499
153,69,0.937
153,70,0.882
153,71,0.9473
153,72,0.9499
153,74,0.9497
153,79,0.9497
153,82,0.937
153,85,0.9497
153,164,0.9322
153,193,0.8894
153,200,0.9402
153,230,0.9494
153,239,0.9465
153,244,0.9071
153,250,0.8384
153,268,0.9384
153,294,0.8034
153,309,0.8527
153,313,0.8712
153,314,0.8706
153,318,0.8958
153,330,0.8875
153,344,0.8022
153,347,0.8754
153,350,0.8745
153,354,0.9439
153,355,0.9185
158,41,0.8754
164,58,0.8037
164,61,0.8557
164,290,0.8733
168,41,0.8833
174,219,0.8946
174,322,0.8206
175,58,0.8279
175,61,0.8808
175,290,0.8322
178,233,0.954
179,143,0.8687
180,107,0.8644
180,215,0.8631
186,1,0.9359
186,17,0.8298
186,70,0.8205
186,91,0.8506
186,92,0.878
186,117,0.8127
186,127,0.8495
186,146,0.826
186,159,0.8854
186,185,0.8748
186,218,0.8349
186,251,0.8632
186,266,0.8984
186,279,0.8666
186,285,0.8637
186,287,0.8765
186,288,0.9114
186,303,0.8868
186,331,0.8539
186,335,0.8802
186,340,0.8208
186,343,0.8483
187,288,0.8417
187,306,0.8143
187,340,0.8012
194,154,0.8349
194,196,0.8591
194,219,0.8683
194,322,0.9775
196,251,0.8009
196,258,0.8196
196,282,0.8368
196,331,0.8348
200,276,0.8519
208,332,0.8377
214,32,0.8115
214,67,0.8758
214,68,0.877
214,69,0.8675
214,70,0.8194
214,71,0.8758
214,72,0.877
214,74,0.8768
214,79,0.8768
214,82,0.8675
214,85,0.8768
214,164,0.8652
214,193,0.8313
214,200,0.8672
214,230,0.8681
214,239,0.8971
214,244,0.8468
214,268,0.8664
214,318,0.8331
214,330,0.808
214,347,0.8937
214,350,0.8081
214,354,0.8692
214,355,0.8413
216,176,0.9048
216,332,0.944
216,176,0.9048
216,332,0.944
218,176,0.923
218,332,0.9463
218,176,0.923
218,332,0.9463
219,296,0.8476
228,176,0.8709
228,332,0.8995
233,154,0.8007
233,219,0.8539
233,322,0.8274
238,154,0.9932
238,196,0.9335
238,219,0.8683
238,322,0.8592
244,204,0.9157
244,0,0.8254
244,119,1
244,119,1
244,121,0.9274
244,239,1
244,239,1
244,0,0.8254
244,119,1
244,119,1
244,121,0.9274
244,239,1
244,239,1
244,0,0.8254
244,119,1
244,119,1
244,121,0.9274
244,239,1
244,239,1
255,332,0.8268
257,58,0.8993
257,61,0.844
261,344,0.9106
